stage,subject,config_id,variant_id,aq_model,sigma_min,sigma_max,gamma,q_p10,q_p90,dur_s,cache_path,baseline_path,rate,n_samples,valid_frac,r_dot_x,r_dot_y,r_trk_x,r_trk_y,rms_x,rms_y,prec_x,prec_y,j30,raw_jump_ge3_frac,raw_step_p999_px,raw_speed_p999_px_s,raw_speed_p999_arcmin_s,oculo_valid_frac,oculo_r_dot_x,oculo_r_dot_y,oculo_prec_x,oculo_prec_y,oculo_j30,baseline_valid_frac,baseline_r_dot_x,baseline_r_dot_y,baseline_prec_x,baseline_j30,baseline_raw_jump_ge3_frac,baseline_raw_step_p999_px,baseline_raw_speed_p999_px_s,baseline_raw_speed_p999_arcmin_s,baseline_oculo_r_dot_x,baseline_oculo_prec_x,baseline_oculo_j30,gate_r_dot_x,gate_valid_frac,gate_prec_x,gate_j30,pass_hard_gates,raw_jump_reduction,raw_speed_p999_reduction,oculo_j30_reduction,score,delta_valid_frac,delta_r_dot_x,delta_prec_x,delta_j30,slew_gate,slew_max_deg_s,slew_gate_cost,slew_gate_saccade_p
prune,Ashton3,qv_power_s2_6_g0p5,qv_power_s2_6_g0p5_sg100,qv_power,2.0,6.0,0.5,0.2965904951095581,0.8045122027397156,1.0,/Users/ashtonperlroth/Kodiak/gaze-model/cache/people_fov/Ashton3/m4_dpf_physics_aq_qv_power_s2_6_g0p5_sg100_d1.npz,/Users/ashtonperlroth/Kodiak/gaze-model/cache/people_fov/Ashton3/m4_dpf_physics.npz,15031.283905967452,14544.0,0.9393564356435643,5.195579733095603e-17,nan,0.04462536148330355,0.7502444544379755,1.731782632909537e-14,0.0,1.0855909295033752,0.8153243018536838,7.105427357601002e-15,0.03910614525139665,43.71141552864229,657038.6967427365,312875.56987749354,0.9393564356435643,1.8497884744870637e-17,nan,0.7894025418305678,0.6392091619165966,1.4210854715202004e-14,0.940792974986695,nan,nan,1.021238167810378,0.0,0.04406755606017598,49.3034162862021,741093.6477320032,352901.73701523955,nan,0.6320891629789908,0.0,True,True,True,True,True,0.11258647522917616,0.11342014770535852,0.0,0.22600662293453466,-0.001436539343130705,nan,0.0643527616929973,7.105427357601002e-15,True,100.0,1000000.0,0.25
prune,Ashton3,qv_power_s2_6_g1,qv_power_s2_6_g1_sg100,qv_power,2.0,6.0,1.0,0.2965904951095581,0.8045122027397156,1.0,/Users/ashtonperlroth/Kodiak/gaze-model/cache/people_fov/Ashton3/m4_dpf_physics_aq_qv_power_s2_6_g1_sg100_d1.npz,/Users/ashtonperlroth/Kodiak/gaze-model/cache/people_fov/Ashton3/m4_dpf_physics.npz,15031.283905967452,14544.0,0.9392189218921893,0.0,nan,0.012044463794603057,0.7525392377433952,2.7867070477559018e-14,0.0,1.330632286061521,0.7736550024389801,0.0,0.03814493605762164,39.008422782243144,586346.6775639055,279212.70360185974,0.9392189218921893,7.052252144109616e-17,nan,0.8735333083199407,0.5935652071118708,0.0,0.940792974986695,nan,nan,1.021238167810378,0.0,0.04406755606017598,49.3034162862021,741093.6477320032,352901.73701523955,nan,0.6320891629789908,0.0,True,True,False,True,False,0.1343986490756776,0.20880892805069337,0.0,-9.656792422873629,-0.0015740530945057563,nan,0.30939411825114305,0.0,True,100.0,1000000.0,0.25
prune,Ashton3,qv_power_s2_6_g2,qv_power_s2_6_g2_sg100,qv_power,2.0,6.0,2.0,0.2965904951095581,0.8045122027397156,1.0,/Users/ashtonperlroth/Kodiak/gaze-model/cache/people_fov/Ashton3/m4_dpf_physics_aq_qv_power_s2_6_g2_sg100_d1.npz,/Users/ashtonperlroth/Kodiak/gaze-model/cache/people_fov/Ashton3/m4_dpf_physics.npz,15031.283905967452,14544.0,0.9391501650165016,6.128107086383924e-17,nan,0.037437683413885495,0.7485284535266595,1.3712745811886971e-14,0.0,1.892703316987549,0.7867805683124632,3.552713678800501e-15,0.03630484309546557,41.7867850265615,628109.0292518756,299099.5377389884,0.9391501650165016,1.351154198391786e-16,nan,1.5378191273284998,0.5789758779382584,7.105427357601002e-15,0.940792974986695,nan,nan,1.021238167810378,0.0,0.04406755606017598,49.3034162862021,741093.6477320032,352901.73701523955,nan,0.6320891629789908,0.0,True,True,False,True,False,0.1761548326871162,0.15245660089773908,0.0,-9.671388566415144,-0.001642809970193393,nan,0.871465149177171,3.552713678800501e-15,True,100.0,1000000.0,0.25
prune,Ashton3,qv_power_s2_6_g3,qv_power_s2_6_g3_sg100,qv_power,2.0,6.0,3.0,0.2965904951095581,0.8045122027397156,1.0,/Users/ashtonperlroth/Kodiak/gaze-model/cache/people_fov/Ashton3/m4_dpf_physics_aq_qv_power_s2_6_g3_sg100_d1.npz,/Users/ashtonperlroth/Kodiak/gaze-model/cache/people_fov/Ashton3/m4_dpf_physics.npz,15031.283905967452,14544.0,0.9390814081408141,4.3406647879483614e-17,nan,0.02757503563663972,0.7540854280137059,4.1875969051653e-14,0.0,1.2423902285454222,0.9363438463142161,0.0,0.036410445016550205,40.45857598020671,608144.3419896425,289592.54380459164,0.9390814081408141,2.530323739730964e-17,nan,0.7442648839920473,0.7682440383353589,0.0,0.940792974986695,nan,nan,1.021238167810378,0.0,0.04406755606017598,49.3034162862021,741093.6477320032,352901.73701523955,nan,0.6320891629789908,0.0,True,True,False,True,False,0.1737584683200877,0.17939609406885423,0.0,-9.646845437611058,-0.0017115668458809186,nan,0.22115206073504434,0.0,True,100.0,1000000.0,0.25
prune,Chong,qv_power_s2_6_g0p5,qv_power_s2_6_g0p5_sg100,qv_power,2.0,6.0,0.5,0.25147830545902256,0.7881551682949067,1.0,/Users/ashtonperlroth/Kodiak/gaze-model/cache/people_fov/Chong/m4_dpf_physics_aq_qv_power_s2_6_g0p5_sg100_d1.npz,/Users/ashtonperlroth/Kodiak/gaze-model/cache/people_fov/Chong/m4_dpf_physics.npz,15098.811989100817,14544.0,0.9843921892189219,nan,nan,0.8879696716711967,0.5127764591904106,1.9805103309134307e-14,0.0,6.0847705753814285,1.8408022207216677,0.0,0.03400070249385318,42.41860114410551,640470.4835155059,304985.9445311933,0.9843921892189219,nan,nan,5.203751171752622,1.2975825917694865,0.0,0.9780780184118153,9.453522980410544e-17,nan,4.928528712456193,0.0,0.05026292426415352,55.603268337194514,839543.2946028224,399782.5212394392,1.428187221621466e-16,4.0779720326282805,0.0,False,True,False,True,False,0.32354308883492916,0.23712036337744247,0.0,-9.439336547787628,0.006314170807106612,nan,1.1562418629252358,0.0,True,100.0,1000000.0,0.25
prune,Chong,qv_power_s2_6_g1,qv_power_s2_6_g1_sg100,qv_power,2.0,6.0,1.0,0.25147830545902256,0.7881551682949067,1.0,/Users/ashtonperlroth/Kodiak/gaze-model/cache/people_fov/Chong/m4_dpf_physics_aq_qv_power_s2_6_g1_sg100_d1.npz,/Users/ashtonperlroth/Kodiak/gaze-model/cache/people_fov/Chong/m4_dpf_physics.npz,15098.811989100817,14544.0,0.9840484048404841,nan,nan,0.89530613561382,0.45498203281109134,1.8252511376276943e-14,0.0,5.655128197518443,1.9674177164943252,0.0,0.03554868624420402,48.16183349874334,727186.4690479033,346279.2709751921,0.9840484048404841,nan,nan,4.658898911006648,1.448102858190209,0.0,0.9780780184118153,9.453522980410544e-17,nan,4.928528712456193,0.0,0.05026292426415352,55.603268337194514,839543.2946028224,399782.5212394392,1.428187221621466e-16,4.0779720326282805,0.0,False,True,False,True,False,0.29274536321483763,0.13383088910033367,0.0,-9.573423747684828,0.005970386428668761,nan,0.7265994850622501,0.0,True,100.0,1000000.0,0.25
prune,Chong,qv_power_s2_6_g2,qv_power_s2_6_g2_sg100,qv_power,2.0,6.0,2.0,0.25147830545902256,0.7881551682949067,1.0,/Users/ashtonperlroth/Kodiak/gaze-model/cache/people_fov/Chong/m4_dpf_physics_aq_qv_power_s2_6_g2_sg100_d1.npz,/Users/ashtonperlroth/Kodiak/gaze-model/cache/people_fov/Chong/m4_dpf_physics.npz,15098.811989100817,14544.0,0.9845297029702971,0.0,nan,0.883466857730489,0.5185777066584623,2.881546462965169e-14,0.0,5.952415792627825,1.668793713827034,3.552713678800501e-15,0.03702402697765913,51.67069487670592,780166.1072895776,371507.6701378941,0.9845297029702971,0.0,nan,5.0863126954183935,1.1060309000456865,0.0,0.9780780184118153,9.453522980410544e-17,nan,4.928528712456193,0.0,0.05026292426415352,55.603268337194514,839543.2946028224,399782.5212394392,1.428187221621466e-16,4.0779720326282805,0.0,True,True,False,True,False,0.2633928980518171,0.0707255810331204,0.0,-9.665881520915063,0.006451684558481774,-9.453522980410544e-17,1.0238870801716322,3.552713678800501e-15,True,100.0,1000000.0,0.25
prune,Chong,qv_power_s2_6_g3,qv_power_s2_6_g3_sg100,qv_power,2.0,6.0,3.0,0.25147830545902256,0.7881551682949067,1.0,/Users/ashtonperlroth/Kodiak/gaze-model/cache/people_fov/Chong/m4_dpf_physics_aq_qv_power_s2_6_g3_sg100_d1.npz,/Users/ashtonperlroth/Kodiak/gaze-model/cache/people_fov/Chong/m4_dpf_physics.npz,15098.811989100817,14544.0,0.9841859185918592,nan,nan,0.8912324848862024,0.475633699925328,1.1958545209631561e-14,0.0,5.880259414241549,1.8543817849142843,0.0,0.03528006184552674,57.051044477649675,861402.9943498608,410191.9020713623,0.9841859185918592,nan,nan,4.745669850342591,1.394587121023956,0.0,0.9780780184118153,9.453522980410544e-17,nan,4.928528712456193,0.0,0.05026292426415352,55.603268337194514,839543.2946028224,399782.5212394392,1.428187221621466e-16,4.0779720326282805,0.0,False,True,False,True,False,0.29808974782058684,-0.026037608646948908,0.0,-9.727947860826362,0.006107900180043924,nan,0.9517307017853565,0.0,True,100.0,1000000.0,0.25
prune,Igor,qv_power_s2_6_g0p5,qv_power_s2_6_g0p5_sg100,qv_power,2.0,6.0,0.5,0.11763294413685799,0.730889230966568,1.0,/Users/ashtonperlroth/Kodiak/gaze-model/cache/people_fov/Igor/m4_dpf_physics_aq_qv_power_s2_6_g0p5_sg100_d1.npz,/Users/ashtonperlroth/Kodiak/gaze-model/cache/people_fov/Igor/m4_dpf_physics.npz,14594.36698858648,14544.0,0.9858360836083608,nan,nan,0.5168710443198504,0.6655060097261888,2.1663895590787384e-14,0.0,5.594728999410148,2.6938553889613424,0.0,0.08774029997887473,64.57750862794423,942467.8601248278,448794.21910706087,0.9858360836083608,nan,nan,4.564894038527026,1.8847678233202412,0.0,0.9795820486467969,nan,nan,4.924161391017375,0.0,0.13189227498228207,79.77780082549816,1164306.5027896776,554431.6679950845,nan,3.8782231548483654,7.105427357601002e-15,True,True,False,True,False,0.3347578545395366,0.1905328555095454,0.0,-9.474709289950917,0.006254034961563959,nan,0.6705676083927736,0.0,True,100.0,1000000.0,0.25
prune,Igor,qv_power_s2_6_g1,qv_power_s2_6_g1_sg100,qv_power,2.0,6.0,1.0,0.11763294413685799,0.730889230966568,1.0,/Users/ashtonperlroth/Kodiak/gaze-model/cache/people_fov/Igor/m4_dpf_physics_aq_qv_power_s2_6_g1_sg100_d1.npz,/Users/ashtonperlroth/Kodiak/gaze-model/cache/people_fov/Igor/m4_dpf_physics.npz,14594.36698858648,14544.0,0.983567106710671,nan,nan,0.5116875294603437,0.665874497441283,2.6565091795152226e-14,0.0,5.08205844024728,3.052861343469913,0.0,0.09143624920444099,62.883756235765,917748.6161255679,437023.1505359847,0.983567106710671,nan,nan,4.109484452533954,2.0331876502246358,0.0,0.9795820486467969,nan,nan,4.924161391017375,0.0,0.13189227498228207,79.77780082549816,1164306.5027896776,554431.6679950845,nan,3.8782231548483654,7.105427357601002e-15,True,True,False,True,False,0.30673537008346996,0.21176372894367346,0.0,-9.481500900972856,0.0039850580638741695,nan,0.15789704922990566,0.0,True,100.0,1000000.0,0.25
prune,Igor,qv_power_s2_6_g2,qv_power_s2_6_g2_sg100,qv_power,2.0,6.0,2.0,0.11763294413685799,0.730889230966568,1.0,/Users/ashtonperlroth/Kodiak/gaze-model/cache/people_fov/Igor/m4_dpf_physics_aq_qv_power_s2_6_g2_sg100_d1.npz,/Users/ashtonperlroth/Kodiak/gaze-model/cache/people_fov/Igor/m4_dpf_physics.npz,14594.36698858648,14544.0,0.9806793179317932,nan,nan,0.5282949055276878,0.663782262683689,7.105427357601002e-15,0.0,5.308154677610903,3.1305286302062227,0.0,0.09235465322637892,62.48791402430302,911971.5496219182,434272.1664866277,0.9806793179317932,nan,nan,4.220762536090041,2.1535615786991578,0.0,0.9795820486467969,nan,nan,4.924161391017375,0.0,0.13189227498228207,79.77780082549816,1164306.5027896776,554431.6679950845,nan,3.8782231548483654,7.105427357601002e-15,True,True,False,True,False,0.29977208112616516,0.21672553796029223,0.0,-9.483502380913542,0.0010972692849963162,nan,0.3839932865935287,0.0,True,100.0,1000000.0,0.25
prune,Igor,qv_power_s2_6_g3,qv_power_s2_6_g3_sg100,qv_power,2.0,6.0,3.0,0.11763294413685799,0.730889230966568,1.0,/Users/ashtonperlroth/Kodiak/gaze-model/cache/people_fov/Igor/m4_dpf_physics_aq_qv_power_s2_6_g3_sg100_d1.npz,/Users/ashtonperlroth/Kodiak/gaze-model/cache/people_fov/Igor/m4_dpf_physics.npz,14594.36698858648,14544.0,0.9786853685368537,7.705641286462564e-17,nan,0.51920775957711,0.6605316525641357,1.0265969615314625e-14,0.0,4.9924780486024565,3.2973846887511864,0.0,0.0865665266604969,61.970782165337916,904424.3374906915,430678.2559479483,0.9786853685368537,1.5513190883009465e-16,nan,4.055844937814821,2.196295990290338,0.0,0.9795820486467969,nan,nan,4.924161391017375,0.0,0.13189227498228207,79.77780082549816,1164306.5027896776,554431.6679950845,nan,3.8782231548483654,7.105427357601002e-15,True,True,True,True,True,0.34365733950585103,0.22320769030861604,0.0,0.5668650298144671,-0.0008966801099431487,nan,0.06831665758508176,0.0,True,100.0,1000000.0,0.25
prune,John,qv_power_s2_6_g0p5,qv_power_s2_6_g0p5_sg100,qv_power,2.0,6.0,0.5,0.3709337025880814,0.8075991034507751,1.0,/Users/ashtonperlroth/Kodiak/gaze-model/cache/people_fov/John/m4_dpf_physics_aq_qv_power_s2_6_g0p5_sg100_d1.npz,/Users/ashtonperlroth/Kodiak/gaze-model/cache/people_fov/John/m4_dpf_physics.npz,14828.710080285458,14544.0,0.999518701870187,9.005237602968209e-17,nan,0.0056472284489502604,0.6971443703143824,3.817316132800643e-14,0.0,0.44641362614618546,0.17029260893270587,1.4210854715202004e-14,0.006468483347096064,6.954082316813855,103120.07055047246,49104.79550022498,0.999518701870187,1.6520815564938238e-17,nan,0.24695916900887016,0.11876144463202291,7.105427357601002e-15,0.9999325645694248,nan,nan,0.20703449714198904,7.105427357601002e-15,0.00849801038645714,9.36778325972899,138912.14205347263,66148.63907308222,nan,0.10839105632592434,2.842170943040401e-14,True,True,False,True,False,0.23882378898894172,0.2576597767042022,0.0,-9.503516434306857,-0.0004138626992378214,nan,0.23937912900419642,7.105427357601002e-15,True,100.0,1000000.0,0.25
prune,John,qv_power_s2_6_g1,qv_power_s2_6_g1_sg100,qv_power,2.0,6.0,1.0,0.3709337025880814,0.8075991034507751,1.0,/Users/ashtonperlroth/Kodiak/gaze-model/cache/people_fov/John/m4_dpf_physics_aq_qv_power_s2_6_g1_sg100_d1.npz,/Users/ashtonperlroth/Kodiak/gaze-model/cache/people_fov/John/m4_dpf_physics.npz,14828.710080285458,14544.0,0.9998624862486248,5.746368241637102e-17,nan,0.12717566410429637,0.6891497549487468,2.7848152498664642e-14,0.0,0.2613503757589157,0.16619750218892762,1.4210854715202004e-14,0.0074965612104539205,7.245217895523009,107437.23564120664,51160.58840057458,0.9998624862486248,1.9439078358899304e-16,nan,0.10659919068987511,0.11711231081660617,3.552713678800501e-14,0.9999325645694248,nan,nan,0.20703449714198904,7.105427357601002e-15,0.00849801038645714,9.36778325972899,138912.14205347263,66148.63907308222,nan,0.10839105632592434,2.842170943040401e-14,True,True,True,True,True,0.11784513438571209,0.22658139128075708,0.0,0.34442652566646914,-7.007832079997112e-05,nan,0.05431587861692663,7.105427357601002e-15,True,100.0,1000000.0,0.25
prune,John,qv_power_s2_6_g2,qv_power_s2_6_g2_sg100,qv_power,2.0,6.0,2.0,0.3709337025880814,0.8075991034507751,1.0,/Users/ashtonperlroth/Kodiak/gaze-model/cache/people_fov/John/m4_dpf_physics_aq_qv_power_s2_6_g2_sg100_d1.npz,/Users/ashtonperlroth/Kodiak/gaze-model/cache/people_fov/John/m4_dpf_physics.npz,14828.710080285458,14544.0,0.9998624862486248,1.1998388719914223e-16,nan,0.13692362584116807,0.6939526763916269,7.070896150151214e-15,0.0,0.16714147162707702,0.16507732807521944,0.0,0.004676753782668501,6.071218189544283,90028.33436690776,42870.635412813215,0.9998624862486248,2.72309685382447e-17,nan,0.10769161369310874,0.11431621191980015,0.0,0.9999325645694248,nan,nan,0.20703449714198904,7.105427357601002e-15,0.00849801038645714,9.36778325972899,138912.14205347263,66148.63907308222,nan,0.10839105632592434,2.842170943040401e-14,True,True,True,True,True,0.4496648544791598,0.3519044985120711,0.0,0.8015693529912309,-7.007832079997112e-05,nan,-0.03989302551491203,-7.105427357601002e-15,True,100.0,1000000.0,0.25
prune,John,qv_power_s2_6_g3,qv_power_s2_6_g3_sg100,qv_power,2.0,6.0,3.0,0.3709337025880814,0.8075991034507751,1.0,/Users/ashtonperlroth/Kodiak/gaze-model/cache/people_fov/John/m4_dpf_physics_aq_qv_power_s2_6_g3_sg100_d1.npz,/Users/ashtonperlroth/Kodiak/gaze-model/cache/people_fov/John/m4_dpf_physics.npz,14828.710080285458,14544.0,0.9999312431243125,4.27379616251872e-17,nan,0.012859801500988215,0.6976136689363331,2.3767655199497008e-14,0.0,0.24752360845368104,0.16790853498027072,1.4210854715202004e-14,0.006876633200385091,6.776334576592813,100484.30084330874,47849.667068242255,0.9999312431243125,7.725358176555582e-17,nan,0.10861699380772064,0.11604815249133524,1.4210854715202004e-14,0.9999325645694248,nan,nan,0.20703449714198904,7.105427357601002e-15,0.00849801038645714,9.36778325972899,138912.14205347263,66148.63907308222,nan,0.10839105632592434,2.842170943040401e-14,True,True,True,True,True,0.19079491696738296,0.27663414185472385,0.0,0.46742905882210684,-1.3214451123344517e-06,nan,0.040489111311692,7.105427357601002e-15,True,100.0,1000000.0,0.25
prune,Kathy,qv_power_s2_6_g0p5,qv_power_s2_6_g0p5_sg100,qv_power,2.0,6.0,0.5,0.2694007158279419,0.768821120262146,1.0,/Users/ashtonperlroth/Kodiak/gaze-model/cache/people_fov/Kathy/m4_dpf_physics_aq_qv_power_s2_6_g0p5_sg100_d1.npz,/Users/ashtonperlroth/Kodiak/gaze-model/cache/people_fov/Kathy/m4_dpf_physics.npz,14594.36698858648,14544.0,0.9891364136413642,1.2374472159818124e-16,nan,0.5633573212033588,0.5397492473704908,3.5388323099728534e-14,0.0,4.7381231663208085,3.8917477367445383,0.0,0.0269061429869313,44.57720004352118,650576.0167587814,309798.10321846727,0.9891364136413642,0.0,nan,4.04047370074618,3.1134296327252913,0.0,0.9838985954093867,1.2333724907185557e-16,nan,4.220967940149134,7.105427357601002e-15,0.04187123018656193,66.00159612260286,963251.5156457326,458691.19792653935,6.18101019587807e-17,3.635998946707217,0.0,True,True,False,True,False,0.35740739244946984,0.3246042116812489,0.0,-9.317988395869282,0.0052378182319774425,4.074725263256711e-19,0.517155226171675,-7.105427357601002e-15,True,100.0,1000000.0,0.25
prune,Kathy,qv_power_s2_6_g1,qv_power_s2_6_g1_sg100,qv_power,2.0,6.0,1.0,0.2694007158279419,0.768821120262146,1.0,/Users/ashtonperlroth/Kodiak/gaze-model/cache/people_fov/Kathy/m4_dpf_physics_aq_qv_power_s2_6_g1_sg100_d1.npz,/Users/ashtonperlroth/Kodiak/gaze-model/cache/people_fov/Kathy/m4_dpf_physics.npz,14594.36698858648,14544.0,0.988998899889989,1.2340027122553165e-16,nan,0.5576914534994167,0.5353968364765079,2.1316282072803006e-14,0.0,4.685918767125257,3.7753177324808505,0.0,0.03085858232453992,41.68201295091973,608322.593828737,289677.4256327319,0.988998899889989,6.18652340230777e-17,nan,4.008659366284232,3.0388757055966096,0.0,0.9838985954093867,1.2333724907185557e-16,nan,4.220967940149134,7.105427357601002e-15,0.04187123018656193,66.00159612260286,963251.5156457326,458691.19792653935,6.18101019587807e-17,3.635998946707217,0.0,True,True,False,True,False,0.263012283445075,0.36846962195441,0.0,-9.368518094600516,0.00510030448060228,6.30221536760782e-20,0.4649508269761231,-7.105427357601002e-15,True,100.0,1000000.0,0.25
prune,Kathy,qv_power_s2_6_g2,qv_power_s2_6_g2_sg100,qv_power,2.0,6.0,2.0,0.2694007158279419,0.768821120262146,1.0,/Users/ashtonperlroth/Kodiak/gaze-model/cache/people_fov/Kathy/m4_dpf_physics_aq_qv_power_s2_6_g2_sg100_d1.npz,/Users/ashtonperlroth/Kodiak/gaze-model/cache/people_fov/Kathy/m4_dpf_physics.npz,14594.36698858648,14544.0,0.9890676567656765,0.0,nan,0.5505252679324454,0.5327093891508224,3.552713678800501e-14,0.0,4.515155535060761,3.843705271762742,0.0,0.02879910527051587,43.04376454040368,628196.4962729567,299141.1887014079,0.9890676567656765,0.0,nan,3.980524778861656,3.0831192165939556,0.0,0.9838985954093867,1.2333724907185557e-16,nan,4.220967940149134,7.105427357601002e-15,0.04187123018656193,66.00159612260286,963251.5156457326,458691.19792653935,6.18101019587807e-17,3.635998946707217,0.0,True,True,False,True,False,0.3121982530200749,0.34783752107378296,0.0,-9.339964225906142,0.005169061356289806,-1.2333724907185557e-16,0.2941875949116275,-7.105427357601002e-15,True,100.0,1000000.0,0.25
prune,Kathy,qv_power_s2_6_g3,qv_power_s2_6_g3_sg100,qv_power,2.0,6.0,3.0,0.2694007158279419,0.768821120262146,1.0,/Users/ashtonperlroth/Kodiak/gaze-model/cache/people_fov/Kathy/m4_dpf_physics_aq_qv_power_s2_6_g3_sg100_d1.npz,/Users/ashtonperlroth/Kodiak/gaze-model/cache/people_fov/Kathy/m4_dpf_physics.npz,14594.36698858648,14544.0,0.988036303630363,0.0,nan,0.5598700253471204,0.5354078601134844,1.3649041628136346e-14,0.0,4.417490421656431,3.617747813077096,0.0,0.029808970680848087,38.12800010808925,556454.0261183195,264978.1076753902,0.988036303630363,0.0,nan,3.834367738355023,2.996265623122636,0.0,0.9838985954093867,1.2333724907185557e-16,nan,4.220967940149134,7.105427357601002e-15,0.04187123018656193,66.00159612260286,963251.5156457326,458691.19792653935,6.18101019587807e-17,3.635998946707217,0.0,True,True,False,True,False,0.2880798928517051,0.42231699916372234,0.0,-9.289603107984572,0.004137708220976255,-1.2333724907185557e-16,0.196522481507297,-7.105427357601002e-15,True,100.0,1000000.0,0.25
prune,Pavel,qv_power_s2_6_g0p5,qv_power_s2_6_g0p5_sg100,qv_power,2.0,6.0,0.5,0.22269892245531084,0.7551569521427156,1.0,/Users/ashtonperlroth/Kodiak/gaze-model/cache/people_fov/Pavel/m4_dpf_physics_aq_qv_power_s2_6_g0p5_sg100_d1.npz,/Users/ashtonperlroth/Kodiak/gaze-model/cache/people_fov/Pavel/m4_dpf_physics.npz,14607.191564147628,14544.0,0.820957095709571,1.0014335548271954e-16,nan,0.6434017027680159,0.20769024378381595,2.8485313364696876e-14,0.0,2.7837508801139896,1.422024879503254,0.0,0.08121612466124661,43.06966218425355,629126.8061285166,299584.1933945316,0.820957095709571,7.39946361698194e-17,nan,1.8464639628066617,1.017412066524715,1.4210854715202004e-14,0.8217415115005476,6.095828116479566e-17,nan,3.108974573866318,0.0,0.12665040787149945,84.60381717967823,1235824.164601684,588487.6974293733,6.806538565130805e-17,2.2607289180896184,0.0,True,True,True,True,True,0.3587377567417772,0.49092530786425503,0.0,0.8496630646060322,-0.0007844157909766558,3.918507431792388e-17,-0.3252236937523283,0.0,True,100.0,1000000.0,0.25
prune,Pavel,qv_power_s2_6_g1,qv_power_s2_6_g1_sg100,qv_power,2.0,6.0,1.0,0.22269892245531084,0.7551569521427156,1.0,/Users/ashtonperlroth/Kodiak/gaze-model/cache/people_fov/Pavel/m4_dpf_physics_aq_qv_power_s2_6_g1_sg100_d1.npz,/Users/ashtonperlroth/Kodiak/gaze-model/cache/people_fov/Pavel/m4_dpf_physics.npz,14607.191564147628,14544.0,0.8215071507150715,9.757553679005308e-17,nan,0.6481575437594266,0.17801665637717798,2.1070745242131553e-14,0.0,2.8394233691088413,1.5911747476897942,0.0,0.08604060913705584,54.291555447631644,793047.1507390982,377641.5003519515,0.8215071507150715,0.0,nan,1.9920796303250183,1.208728570711482,0.0,0.8217415115005476,6.095828116479566e-17,nan,3.108974573866318,0.0,0.12665040787149945,84.60381717967823,1235824.164601684,588487.6974293733,6.806538565130805e-17,2.2607289180896184,0.0,True,True,True,True,True,0.320644831840152,0.35828480017243913,0.0,0.6789296320125912,-0.0002343607854761176,3.661725562525742e-17,-0.2695512047574766,0.0,True,100.0,1000000.0,0.25
prune,Pavel,qv_power_s2_6_g2,qv_power_s2_6_g2_sg100,qv_power,2.0,6.0,2.0,0.22269892245531084,0.7551569521427156,1.0,/Users/ashtonperlroth/Kodiak/gaze-model/cache/people_fov/Pavel/m4_dpf_physics_aq_qv_power_s2_6_g2_sg100_d1.npz,/Users/ashtonperlroth/Kodiak/gaze-model/cache/people_fov/Pavel/m4_dpf_physics.npz,14607.191564147628,14544.0,0.8212321232123212,3.354853887314048e-17,nan,0.6718111472010131,0.18526200243302166,1.3938155854873216e-14,0.0,2.6932321040929086,1.4461419270072742,0.0,0.08315709330851874,53.5560640104709,782303.6864227009,372525.5649631909,0.8212321232123212,3.739311996298199e-17,nan,1.8103869687662866,1.0820047182575094,0.0,0.8217415115005476,6.095828116479566e-17,nan,3.108974573866318,0.0,0.12665040787149945,84.60381717967823,1235824.164601684,588487.6974293733,6.806538565130805e-17,2.2607289180896184,0.0,True,True,True,True,True,0.3434123529006664,0.36697816013749535,0.0,0.7103905130381618,-0.0005093882882264422,-2.740974229165518e-17,-0.41574246977340934,0.0,True,100.0,1000000.0,0.25
prune,Pavel,qv_power_s2_6_g3,qv_power_s2_6_g3_sg100,qv_power,2.0,6.0,3.0,0.22269892245531084,0.7551569521427156,1.0,/Users/ashtonperlroth/Kodiak/gaze-model/cache/people_fov/Pavel/m4_dpf_physics_aq_qv_power_s2_6_g3_sg100_d1.npz,/Users/ashtonperlroth/Kodiak/gaze-model/cache/people_fov/Pavel/m4_dpf_physics.npz,14607.191564147628,14544.0,0.8178630363036303,0.0,nan,0.6642506044945751,0.18377012891036326,5.498701973861879e-14,0.0,2.8290484301353587,1.6294570972214433,2.842170943040401e-14,0.08906090506975162,49.96544607744952,729854.8424413939,347549.9249720923,0.8178630363036303,0.0,nan,1.9227695282802733,1.2196470174957332,0.0,0.8217415115005476,6.095828116479566e-17,nan,3.108974573866318,0.0,0.12665040787149945,84.60381717967823,1235824.164601684,588487.6974293733,6.806538565130805e-17,2.2607289180896184,0.0,True,True,True,True,True,0.29679732922681507,0.4094185375662792,0.0,0.7062158667930942,-0.003878475196917308,-6.095828116479566e-17,-0.27992614373095925,2.842170943040401e-14,True,100.0,1000000.0,0.25
prune,Zohre,qv_power_s2_6_g0p5,qv_power_s2_6_g0p5_sg100,qv_power,2.0,6.0,0.5,0.12615383565425872,0.7411557972431183,1.0,/Users/ashtonperlroth/Kodiak/gaze-model/cache/people_fov/Zohre/m4_dpf_physics_aq_qv_power_s2_6_g0p5_sg100_d1.npz,/Users/ashtonperlroth/Kodiak/gaze-model/cache/people_fov/Zohre/m4_dpf_physics.npz,14658.716049382716,14544.0,0.8221259625962596,1.2581831346409225e-16,nan,0.15919033377938474,0.04132202879612898,7.758230883758221e-15,0.0,4.148669302566114,1.65821022888574,0.0,0.032655472112058055,56.65518833257917,830492.3184915787,395472.53261503746,0.8221259625962596,2.826363245599649e-17,nan,3.257266727868689,1.0650472985122552,0.0,0.8179957705164063,4.9688587542306717e-17,nan,5.820658235736447,0.0,0.04627444369521241,71.14045449850876,1042827.722117671,496584.6295798434,1.1347167244827119e-17,4.616274937447327,0.0,True,True,True,True,True,0.2943087046676562,0.20361503546808546,0.0,0.49792374013574164,0.004130192079853323,7.612972592178554e-17,-1.6719889331703328,0.0,True,100.0,1000000.0,0.25
prune,Zohre,qv_power_s2_6_g1,qv_power_s2_6_g1_sg100,qv_power,2.0,6.0,1.0,0.12615383565425872,0.7411557972431183,1.0,/Users/ashtonperlroth/Kodiak/gaze-model/cache/people_fov/Zohre/m4_dpf_physics_aq_qv_power_s2_6_g1_sg100_d1.npz,/Users/ashtonperlroth/Kodiak/gaze-model/cache/people_fov/Zohre/m4_dpf_physics.npz,14658.716049382716,14544.0,0.8201320132013201,6.244705343440548e-18,nan,0.11072234681478683,0.050502723005378086,1.0338627260231529e-14,0.0,4.225503303897009,1.5059748945670939,0.0,0.030300465509944984,55.79125301291717,817828.1359556207,389441.9695026765,0.8201320132013201,1.399258088017985e-17,nan,3.2840955027372245,0.9932065727190597,7.105427357601002e-15,0.8179957705164063,4.9688587542306717e-17,nan,5.820658235736447,0.0,0.04627444369521241,71.14045449850876,1042827.722117671,496584.6295798434,1.1347167244827119e-17,4.616274937447327,0.0,True,True,True,True,True,0.34520086919856596,0.2157591147511341,0.0,0.5609599839497,0.0021362426849138583,-4.344388219886617e-17,-1.5951549318394385,0.0,True,100.0,1000000.0,0.25
prune,Zohre,qv_power_s2_6_g2,qv_power_s2_6_g2_sg100,qv_power,2.0,6.0,2.0,0.12615383565425872,0.7411557972431183,1.0,/Users/ashtonperlroth/Kodiak/gaze-model/cache/people_fov/Zohre/m4_dpf_physics_aq_qv_power_s2_6_g2_sg100_d1.npz,/Users/ashtonperlroth/Kodiak/gaze-model/cache/people_fov/Zohre/m4_dpf_physics.npz,14658.716049382716,14544.0,0.821575907590759,5.4212804134134787e-17,nan,0.13258147145457228,0.00986256436318604,8.338473685864161e-15,0.0,3.808880196811908,1.6014115463757543,3.552713678800501e-15,0.033066216786166176,57.666990257544526,845324.0356078646,402535.25505136413,0.821575907590759,1.0527953403689426e-16,nan,3.0103977896395326,1.0170913104676529,1.0658141036401503e-14,0.8179957705164063,4.9688587542306717e-17,nan,5.820658235736447,0.0,0.04627444369521241,71.14045449850876,1042827.722117671,496584.6295798434,1.1347167244827119e-17,4.616274937447327,0.0,True,True,True,True,True,0.28543242996161106,0.18939243972986788,0.0,0.47482486969147897,0.003580137074352785,4.52421659182807e-18,-2.011778038924539,3.552713678800501e-15,True,100.0,1000000.0,0.25
prune,Zohre,qv_power_s2_6_g3,qv_power_s2_6_g3_sg100,qv_power,2.0,6.0,3.0,0.12615383565425872,0.7411557972431183,1.0,/Users/ashtonperlroth/Kodiak/gaze-model/cache/people_fov/Zohre/m4_dpf_physics_aq_qv_power_s2_6_g3_sg100_d1.npz,/Users/ashtonperlroth/Kodiak/gaze-model/cache/people_fov/Zohre/m4_dpf_physics.npz,14658.716049382716,14544.0,0.8173817381738174,2.79375868752115e-17,nan,0.10873177458473994,0.026124165574349677,5.332770972998664e-14,0.0,3.7601641621888864,1.4071841650251575,1.4210854715202004e-14,0.029836790207412443,55.72725365918879,816889.9876019724,388995.23219141545,0.8173817381738174,6.177256033877545e-17,nan,3.040397587525355,0.835448159359664,0.0,0.8179957705164063,4.9688587542306717e-17,nan,5.820658235736447,0.0,0.04627444369521241,71.14045449850876,1042827.722117671,496584.6295798434,1.1347167244827119e-17,4.616274937447327,0.0,True,True,True,True,True,0.35522098539027097,0.21665873444262365,0.0,0.5718797198328947,-0.0006140323425888328,-2.1751000667095215e-17,-2.0604940735475608,1.4210854715202004e-14,True,100.0,1000000.0,0.25
