window_id,source,window_score,start_s,end_s,trace,cache,local_prec,local_j30,raw_jump_ge3_frac,raw_step_p999_px,max_ncc,resolved_minus_immediate_rms_px,resolved_minus_immediate_p95_px,hyp_count,qv,con,p_saccade,along_sigma_eff
1,j30,1.016891212966594,0.788823775562799,2.755868561264331,baseline,m4_dpf_physics.npz,5.973147820247149,1.0680921911622718,0.16223517153552272,81.60553214553342,0.34669639657385604,,,,,,,
1,j30,1.016891212966594,0.788823775562799,2.755868561264331,resolved,m4_dpf_physics_aq_constant_sg100_mp_s2_tau6.npz,5.915508369647961,2.0231958015714566,0.10737153833840243,66.31781812282709,0.33348795691427924,5.860040331701907,9.464073456594468,1.4610901744434515,0.4518498182296753,18.352121353149414,0.0,2.0
1,j30,1.016891212966594,0.788823775562799,2.755868561264331,immediate,m4_dpf_physics_aq_constant_sg100_mp_s2_tau6.npz::immediate,5.804154781054521,1.4303886983776408,0.17272290699535778,72.61919832312225,0.33348795691427924,0.0,0.0,1.4610901744434515,0.4518498182296753,18.352121353149414,0.0,2.0
1,j30,1.016891212966594,0.788823775562799,2.755868561264331,m4_dpf_physics_aq_constant_sg100,m4_dpf_physics_aq_constant_sg100.npz,6.070000140694697,1.98283061926184,0.10883318651397453,70.73320927187802,0.33757726856773296,6.462185081794481,9.594173684046847,1.4575171019900497,0.45203205943107605,18.34982204437256,0.0,2.0
1,j30,1.016891212966594,0.788823775562799,2.755868561264331,m4_dpf_physics_aq_constant_ow6_sg75_mp_s2_tau6,m4_dpf_physics_aq_constant_ow6_sg75_mp_s2_tau6.npz,5.924920392942816,2.13283377393648,0.10897230670721947,66.86466923061434,0.33348795691427924,5.855379424671896,9.45273011293397,1.4610901744434515,0.4518498182296753,18.352121353149414,0.0,2.0
2,j30,0.9026825620032213,0.5554455806490579,2.5224903663505898,baseline,m4_dpf_physics.npz,5.378432550143619,0.9411413726181372,0.16070369638268434,81.3417624826849,0.34565158483248326,,,,,,,
2,j30,0.9026825620032213,0.5554455806490579,2.5224903663505898,resolved,m4_dpf_physics_aq_constant_sg100_mp_s2_tau6.npz,5.414932867552889,1.7984830681380188,0.10456071399328584,64.03031029972897,0.33263507203319564,5.596144036533192,9.135167829278132,1.4606128222496713,0.45961442589759827,18.295001983642578,0.0,2.0
2,j30,0.9026825620032213,0.5554455806490579,2.5224903663505898,immediate,m4_dpf_physics_aq_constant_sg100_mp_s2_tau6.npz::immediate,5.335828105449492,1.1011714140770863,0.1704331450094162,71.60068432871353,0.33263507203319564,0.0,0.0,1.4606128222496713,0.45961442589759827,18.295001983642578,0.0,2.0
2,j30,0.9026825620032213,0.5554455806490579,2.5224903663505898,m4_dpf_physics_aq_constant_sg100,m4_dpf_physics_aq_constant_sg100.npz,5.383766874895841,1.971201643644008,0.10919963955107725,70.5922919284066,0.33580072055489046,6.429550185074984,9.556902585375708,1.4640251923306893,0.45974335074424744,18.293691635131836,0.0,2.0
2,j30,0.9026825620032213,0.5554455806490579,2.5224903663505898,m4_dpf_physics_aq_constant_ow6_sg75_mp_s2_tau6,m4_dpf_physics_aq_constant_ow6_sg75_mp_s2_tau6.npz,5.4175924343151305,1.8259234638267685,0.10599361336281012,64.03031029972897,0.33263507203319564,5.547143699146258,9.111374088134626,1.4606128222496713,0.45961442589759827,18.295001983642578,0.0,2.0
3,j30,0.7967568411715433,62.63404542770419,64.60109021340573,baseline,m4_dpf_physics.npz,2.5208971238044353,1.0277905004782362,0.11915018962406569,67.6379414959342,0.3549223267793123,,,,,,,
3,j30,0.7967568411715433,62.63404542770419,64.60109021340573,resolved,m4_dpf_physics_aq_constant_sg100_mp_s2_tau6.npz,3.136248884312103,1.737001628330006,0.0869089812231355,63.960081398826624,0.3449191411659685,4.924877621654338,7.209427350404973,1.3873440219202429,0.4763340353965759,20.292037963867188,0.0,2.0
3,j30,0.7967568411715433,62.63404542770419,64.60109021340573,immediate,m4_dpf_physics_aq_constant_sg100_mp_s2_tau6.npz::immediate,2.934913450450353,1.650881107817277,0.1397707563532162,69.61673043619017,0.3449191411659685,0.0,0.0,1.3873440219202429,0.4763340353965759,20.292037963867188,0.0,2.0
3,j30,0.7967568411715433,62.63404542770419,64.60109021340573,m4_dpf_physics_aq_constant_sg100,m4_dpf_physics_aq_constant_sg100.npz,2.88539807534742,1.5390959639402126,0.08486889401793485,60.18400777372052,0.3457295555180405,5.174291049846833,7.436622414828474,1.3939517625231912,0.4769096374511719,20.288602828979492,0.0,2.0
3,j30,0.7967568411715433,62.63404542770419,64.60109021340573,m4_dpf_physics_aq_constant_ow6_sg75_mp_s2_tau6,m4_dpf_physics_aq_constant_ow6_sg75_mp_s2_tau6.npz,3.113952847050879,1.815695377239134,0.08841716310987105,64.58884513274933,0.3449191411659685,4.951373944697149,7.217694802056804,1.3873440219202429,0.4763340353965759,20.292037963867188,0.0,2.0
4,j30,0.7613577047663469,0.08868919082157571,2.0557339765231077,baseline,m4_dpf_physics.npz,3.4219925048229296,0.6690461039358553,0.15370003637392393,80.79674698959363,0.34856378084893175,,,,,,,
4,j30,0.7613577047663469,0.08868919082157571,2.0557339765231077,resolved,m4_dpf_physics_aq_constant_sg100_mp_s2_tau6.npz,3.627831927771719,1.4304038087022022,0.10228219223721473,57.626481535161005,0.33597833041969627,5.420587991502743,8.767532105427422,1.4572847951787604,0.4629654437303543,18.633273124694824,0.0,2.0
4,j30,0.7613577047663469,0.08868919082157571,2.0557339765231077,immediate,m4_dpf_physics_aq_constant_sg100_mp_s2_tau6.npz::immediate,3.5375258949191566,0.9961375857188557,0.1648342495418957,71.73522893430453,0.33597833041969627,0.0,0.0,1.4572847951787604,0.4629654437303543,18.633273124694824,0.0,2.0
4,j30,0.7613577047663469,0.08868919082157571,2.0557339765231077,m4_dpf_physics_aq_constant_sg100,m4_dpf_physics_aq_constant_sg100.npz,3.4551762641270733,1.6925979912947895,0.10649480665748967,70.42810518743364,0.3385698643174177,6.229634820256037,8.984589113927582,1.4569717219460516,0.46307550370693207,18.637666702270508,0.0,2.0
4,j30,0.7613577047663469,0.08868919082157571,2.0557339765231077,m4_dpf_physics_aq_constant_ow6_sg75_mp_s2_tau6,m4_dpf_physics_aq_constant_ow6_sg75_mp_s2_tau6.npz,3.624126367950403,1.3790215784484658,0.10378144261202732,58.02841485600851,0.33597833041969627,5.379340949261657,8.68817034394842,1.4572847951787604,0.4629654437303543,18.633273124694824,0.0,2.0
5,j30,0.6886644847118717,51.198513876930875,53.165558662632414,baseline,m4_dpf_physics.npz,2.6034434827263055,0.8755523277419712,0.13449005136173334,73.626522711803,0.3368580380186023,,,,,,,
5,j30,0.6886644847118717,51.198513876930875,53.165558662632414,resolved,m4_dpf_physics_aq_constant_sg100_mp_s2_tau6.npz,2.910726347004434,1.3335328284989743,0.09584438549955791,65.0402700361036,0.32346119281562746,5.1250336206619025,8.08110788204027,1.4364542696142175,0.4451061934232712,19.21547794342041,0.0,2.0
5,j30,0.6886644847118717,51.198513876930875,53.165558662632414,immediate,m4_dpf_physics_aq_constant_sg100_mp_s2_tau6.npz::immediate,2.7425711085282543,0.8746525674980461,0.15804597701149425,73.24660562933343,0.32346119281562746,0.0,0.0,1.4364542696142175,0.4451061934232712,19.21547794342041,0.0,2.0
5,j30,0.6886644847118717,51.198513876930875,53.165558662632414,m4_dpf_physics_aq_constant_sg100,m4_dpf_physics_aq_constant_sg100.npz,2.467826664642609,0.8215338309512177,0.09716760196191065,66.46199403270599,0.3226884337375113,5.39975884808976,8.016442157009605,1.4409916352446583,0.44494831562042236,19.219619750976562,0.0,2.0
5,j30,0.6886644847118717,51.198513876930875,53.165558662632414,m4_dpf_physics_aq_constant_ow6_sg75_mp_s2_tau6,m4_dpf_physics_aq_constant_ow6_sg75_mp_s2_tau6.npz,2.9367995071293187,1.3360175789291162,0.09712643678160919,65.4854042826686,0.32346119281562746,5.195099996686216,8.109316148045183,1.4364542696142175,0.4451061934232712,19.21547794342041,0.0,2.0
6,j30,0.6653102395665726,0.32206738573531685,2.289112171436849,baseline,m4_dpf_physics.npz,5.057794295650161,0.8429086276284679,0.1575567676298789,80.95187072461313,0.34387478430408186,,,,,,,
6,j30,0.6653102395665726,0.32206738573531685,2.289112171436849,resolved,m4_dpf_physics_aq_constant_sg100_mp_s2_tau6.npz,5.142754366263591,1.4304038087022022,0.10461120434747863,58.773589406687854,0.3301491997622874,5.442688849989555,8.855071968454475,1.4613825890421634,0.4594666063785553,18.415546417236328,0.0,2.0
6,j30,0.6653102395665726,0.32206738573531685,2.289112171436849,immediate,m4_dpf_physics_aq_constant_sg100_mp_s2_tau6.npz::immediate,5.036546240299581,0.9961375857188557,0.1689842563733717,71.39426994379565,0.3301491997622874,0.0,0.0,1.4613825890421634,0.4594666063785553,18.415546417236328,0.0,2.0
6,j30,0.6653102395665726,0.32206738573531685,2.289112171436849,m4_dpf_physics_aq_constant_sg100,m4_dpf_physics_aq_constant_sg100.npz,4.9915447889377065,1.8403313122069704,0.10902841613045042,69.0003700604834,0.3327283933194707,6.313629834979954,9.285325093980914,1.4654715510522214,0.4595458060503006,18.415468215942383,0.0,2.0
6,j30,0.6653102395665726,0.32206738573531685,2.289112171436849,m4_dpf_physics_aq_constant_ow6_sg75_mp_s2_tau6,m4_dpf_physics_aq_constant_ow6_sg75_mp_s2_tau6.npz,5.1382302509312145,1.3790215784484658,0.10588987453048829,58.773589406687854,0.3301491997622874,5.415573006000088,8.830509708079783,1.4613825890421634,0.4594666063785553,18.415546417236328,0.0,2.0
7,j30,0.5564152719124706,61.467154453135485,63.43419923883702,baseline,m4_dpf_physics.npz,2.069499637854181,0.7149126205157543,0.1306301487108163,75.18785568454932,0.33748401889184476,,,,,,,
7,j30,0.5564152719124706,61.467154453135485,63.43419923883702,resolved,m4_dpf_physics_aq_constant_sg100_mp_s2_tau6.npz,2.4044559691156993,1.2935765388615863,0.09559495521842441,62.35934101543202,0.3231944655338282,5.2442975792718824,7.856253857510168,1.4365438483085542,0.43858569860458374,19.12167739868164,0.0,2.0
7,j30,0.5564152719124706,61.467154453135485,63.43419923883702,immediate,m4_dpf_physics_aq_constant_sg100_mp_s2_tau6.npz::immediate,2.2164616841706715,1.268232312090106,0.15463352220800586,65.52531795516998,0.3231944655338282,0.0,0.0,1.4365438483085542,0.43858569860458374,19.12167739868164,0.0,2.0
7,j30,0.5564152719124706,61.467154453135485,63.43419923883702,m4_dpf_physics_aq_constant_sg100,m4_dpf_physics_aq_constant_sg100.npz,2.5850862886672767,1.066343070056341,0.09475614228089475,57.73728635780999,0.32426218534224455,5.25175327512407,7.839022521912494,1.429342545611573,0.43877288699150085,19.111421585083008,0.0,2.0
7,j30,0.5564152719124706,61.467154453135485,63.43419923883702,m4_dpf_physics_aq_constant_ow6_sg75_mp_s2_tau6,m4_dpf_physics_aq_constant_ow6_sg75_mp_s2_tau6.npz,2.3978161956281694,1.2688338833642945,0.09738621824163772,62.71421133338573,0.3231944655338282,5.322607221792633,7.874652140817659,1.4365438483085542,0.43858569860458374,19.12167739868164,0.0,2.0
8,j30,0.5537004580488922,50.031622902362166,51.998667688063705,baseline,m4_dpf_physics.npz,2.2710745937151144,1.593110833753343,0.1201196211995348,87.64423010434787,0.37137020332877135,,,,,,,
8,j30,0.5537004580488922,50.031622902362166,51.998667688063705,resolved,m4_dpf_physics_aq_constant_sg100_mp_s2_tau6.npz,2.869780256723332,2.081172873621764,0.08001022494887526,65.52809676950571,0.3655613822783559,5.310377102669342,6.959724591655338,1.357231972053564,0.49628208577632904,20.39883804321289,0.0,2.0
8,j30,0.5537004580488922,50.031622902362166,51.998667688063705,immediate,m4_dpf_physics_aq_constant_sg100_mp_s2_tau6.npz::immediate,2.6921729319574133,1.9244749695418406,0.12985685071574643,82.98116683564932,0.3655613822783559,0.0,0.0,1.357231972053564,0.49628208577632904,20.39883804321289,0.0,2.0
8,j30,0.5537004580488922,50.031622902362166,51.998667688063705,m4_dpf_physics_aq_constant_sg100,m4_dpf_physics_aq_constant_sg100.npz,2.477746840382204,1.4629246557799007,0.0819609345078514,70.68370442967316,0.3644021692070739,4.919415397109251,6.763396242828314,1.3587304225001038,0.4958726763725281,20.39112663269043,0.0,2.0
8,j30,0.5537004580488922,50.031622902362166,51.998667688063705,m4_dpf_physics_aq_constant_ow6_sg75_mp_s2_tau6,m4_dpf_physics_aq_constant_ow6_sg75_mp_s2_tau6.npz,2.886753442435486,2.0003376825842203,0.08111792774369461,65.674587266091,0.3655613822783559,5.288041407907378,7.01429409250224,1.357231972053564,0.49628208577632904,20.39883804321289,0.0,2.0
9,precision,9.690509989572861,64.30890536861493,65.30882379481324,baseline,m4_dpf_physics.npz,4.10431048274501,2.3665202555780134,0.11754477482177013,74.26171911322768,0.39959159733272015,,,,,,,
9,precision,9.690509989572861,64.30890536861493,65.30882379481324,resolved,m4_dpf_physics_aq_constant_sg100_mp_s2_tau6.npz,5.180281845776115,1.534969602476206,0.07813903359080294,79.9135116560433,0.39617996642904557,5.264362946340888,6.523536111972447,1.3241113640343198,0.472310334444046,19.411026000976562,0.0,2.0
9,precision,9.690509989572861,64.30890536861493,65.30882379481324,immediate,m4_dpf_physics_aq_constant_sg100_mp_s2_tau6.npz::immediate,4.780810798514201,1.7556694849830574,0.12250763427339681,83.74548969792163,0.39617996642904557,0.0,0.0,1.3241113640343198,0.472310334444046,19.411026000976562,0.0,2.0
9,precision,9.690509989572861,64.30890536861493,65.30882379481324,m4_dpf_physics_aq_constant_sg100,m4_dpf_physics_aq_constant_sg100.npz,4.165098886459297,1.8587807310966795,0.07526296699310846,56.833185601899764,0.4004751440568774,4.909841011670446,7.528856749181891,1.3301124385101897,0.4732464700937271,19.420586585998535,0.0,2.0
9,precision,9.690509989572861,64.30890536861493,65.30882379481324,m4_dpf_physics_aq_constant_ow6_sg75_mp_s2_tau6,m4_dpf_physics_aq_constant_ow6_sg75_mp_s2_tau6.npz,5.11818835469286,1.541580877050679,0.08011496317585773,78.7126648463404,0.39617996642904557,5.425711068342545,6.354551605712743,1.3241113640343198,0.472310334444046,19.411026000976562,0.0,2.0
10,precision,8.045750271588869,54.8083795905717,55.80829801677003,baseline,m4_dpf_physics.npz,2.1743569595190597,1.0452089404380978,0.13455024463680842,74.42318646628235,0.38501712140887956,,,,,,,
10,precision,8.045750271588869,54.8083795905717,55.80829801677003,resolved,m4_dpf_physics_aq_constant_sg100_mp_s2_tau6.npz,3.6001984174766792,0.5543724111237474,0.09026036644165863,82.82168219754863,0.38276067593247465,5.8434499984943145,7.251142870553602,1.3355213803450863,0.45931030809879303,17.929697036743164,0.0,2.0
10,precision,8.045750271588869,54.8083795905717,55.80829801677003,immediate,m4_dpf_physics_aq_constant_sg100_mp_s2_tau6.npz::immediate,2.92007371349041,0.4592979074046948,0.13461909353905496,88.39504521376173,0.38276067593247465,0.0,0.0,1.3355213803450863,0.45931030809879303,17.929697036743164,0.0,2.0
10,precision,8.045750271588869,54.8083795905717,55.80829801677003,m4_dpf_physics_aq_constant_sg100,m4_dpf_physics_aq_constant_sg100.npz,1.8577055142571683,1.2633607355658256,0.08628448444531403,83.16944342200878,0.384938575216323,5.3527028542593875,7.790517170924104,1.346270352139341,0.4613661766052246,17.956686973571777,0.0,2.0
10,precision,8.045750271588869,54.8083795905717,55.80829801677003,m4_dpf_physics_aq_constant_ow6_sg75_mp_s2_tau6,m4_dpf_physics_aq_constant_ow6_sg75_mp_s2_tau6.npz,3.508935125309974,0.5724002291702988,0.09083895853423336,85.10767535622493,0.38276067593247465,5.728543639579587,7.308942581007296,1.3355213803450863,0.45931030809879303,17.929697036743164,0.0,2.0
11,precision,5.881416178043839,64.05889153235063,65.05880995854896,baseline,m4_dpf_physics.npz,3.431444539376228,2.0877698024356697,0.10840021401819154,73.9776907819993,0.40167633862952606,,,,,,,
11,precision,5.881416178043839,64.05889153235063,65.05880995854896,resolved,m4_dpf_physics_aq_constant_sg100_mp_s2_tau6.npz,4.2209503979742715,1.5906746179995315,0.07134233344309077,73.48421816864345,0.3971155923162481,4.6052938170701285,5.718437921889294,1.3048531152480363,0.5048803687095642,20.37516212463379,0.0,2.0
11,precision,5.881416178043839,64.05889153235063,65.05880995854896,immediate,m4_dpf_physics_aq_constant_sg100_mp_s2_tau6.npz::immediate,3.928071972228455,1.9498839274657582,0.11184282735155307,80.74435732662099,0.3971155923162481,0.0,0.0,1.3048531152480363,0.5048803687095642,20.37516212463379,0.0,2.0
11,precision,5.881416178043839,64.05889153235063,65.05880995854896,m4_dpf_physics_aq_constant_sg100,m4_dpf_physics_aq_constant_sg100.npz,3.6539499155645845,2.4230448347747835,0.07122349823321555,57.181734891960346,0.3983071987563699,4.825190615254412,6.465182286658958,1.3116981132075471,0.5051366686820984,20.378421783447266,0.0,2.0
11,precision,5.881416178043839,64.05889153235063,65.05880995854896,m4_dpf_physics_aq_constant_ow6_sg75_mp_s2_tau6,m4_dpf_physics_aq_constant_ow6_sg75_mp_s2_tau6.npz,4.1558988536530945,1.5965168952699855,0.07309845242015146,73.48421816864345,0.3971155923162481,4.805753241644676,5.716255413210439,1.3048531152480363,0.5048803687095642,20.37516212463379,0.0,2.0
12,precision,5.125292234652587,63.55886385982203,64.55878228602036,baseline,m4_dpf_physics.npz,3.192926340008637,1.9750847922331296,0.11702447080018015,71.41966246837754,0.3767982293100016,,,,,,,
12,precision,5.125292234652587,63.55886385982203,64.55878228602036,resolved,m4_dpf_physics_aq_constant_sg100_mp_s2_tau6.npz,3.9263071183948575,1.9116818436615617,0.07783509123104165,67.78462597423838,0.3695285766067192,4.686953155924508,6.327449440953255,1.3329062405788363,0.5219853222370148,21.27068042755127,0.0,2.0
12,precision,5.125292234652587,63.55886385982203,64.55878228602036,immediate,m4_dpf_physics_aq_constant_sg100_mp_s2_tau6.npz::immediate,3.6648109770829698,2.208152757527799,0.12479790592039418,73.63103070275555,0.3695285766067192,0.0,0.0,1.3329062405788363,0.5219853222370148,21.27068042755127,0.0,2.0
12,precision,5.125292234652587,63.55886385982203,64.55878228602036,m4_dpf_physics_aq_constant_sg100,m4_dpf_physics_aq_constant_sg100.npz,3.4473346603409643,2.3688683499137255,0.07755954222084752,63.74528018974178,0.37049633572277796,5.150350522261603,6.9347127451599535,1.3440852092461097,0.522610604763031,21.273987770080566,0.0,2.0
12,precision,5.125292234652587,63.55886385982203,64.55878228602036,m4_dpf_physics_aq_constant_ow6_sg75_mp_s2_tau6,m4_dpf_physics_aq_constant_ow6_sg75_mp_s2_tau6.npz,3.8761716298666196,1.9665743684506864,0.07991377319270151,69.08569547659961,0.3695285766067192,4.691326951352203,6.352084948312185,1.3329062405788363,0.5219853222370148,21.27068042755127,0.0,2.0
13,precision,4.493062403283597,55.05839342683599,56.058311853034326,baseline,m4_dpf_physics.npz,2.650800378118379,1.4640497395284333,0.12474414373436434,72.17946333423839,0.40026296647357884,,,,,,,
13,precision,4.493062403283597,55.05839342683599,56.058311853034326,resolved,m4_dpf_physics_aq_constant_sg100_mp_s2_tau6.npz,3.4080263173422627,0.7673169208946584,0.08438670411985019,77.97070562788696,0.39718657433410615,5.450850489871897,6.901830521390715,1.3233253724553622,0.48453283309936523,19.03667640686035,0.0,2.0
13,precision,4.493062403283597,55.05839342683599,56.058311853034326,immediate,m4_dpf_physics_aq_constant_sg100_mp_s2_tau6.npz::immediate,2.8971648435574386,0.9394389033846515,0.12816011235955055,86.60303022897102,0.39718657433410615,0.0,0.0,1.3233253724553622,0.48453283309936523,19.03667640686035,0.0,2.0
13,precision,4.493062403283597,55.05839342683599,56.058311853034326,m4_dpf_physics_aq_constant_sg100,m4_dpf_physics_aq_constant_sg100.npz,2.5512358968168307,1.831590744650919,0.07904346801743432,75.80737968402245,0.3998266096999089,5.027149057814975,6.9782505139494875,1.3163008687700046,0.486294686794281,19.04897689819336,0.0,2.0
13,precision,4.493062403283597,55.05839342683599,56.058311853034326,m4_dpf_physics_aq_constant_ow6_sg75_mp_s2_tau6,m4_dpf_physics_aq_constant_ow6_sg75_mp_s2_tau6.npz,3.344621078148471,0.6995725118323328,0.08532303370786516,79.68850443442778,0.39718657433410615,5.3578169475552695,7.052400457921283,1.3233253724553622,0.48453283309936523,19.03667640686035,0.0,2.0
14,precision,4.38836400843592,63.808877696086334,64.80879612228466,baseline,m4_dpf_physics.npz,3.2657521634502897,2.1286943892679346,0.11642195978295564,77.76286845063582,0.3851139347166886,,,,,,,
14,precision,4.38836400843592,63.808877696086334,64.80879612228466,resolved,m4_dpf_physics_aq_constant_sg100_mp_s2_tau6.npz,3.887645605064809,1.5906746179995315,0.07674703718839396,70.58314106295614,0.37924638658384324,4.811372294102902,6.431697971475053,1.3380360721442885,0.5078718066215515,20.58011817932129,0.0,2.0
14,precision,4.38836400843592,63.808877696086334,64.80879612228466,immediate,m4_dpf_physics_aq_constant_sg100_mp_s2_tau6.npz::immediate,3.6277263317185966,1.9498839274657582,0.123334695545566,77.25681571625343,0.37924638658384324,0.0,0.0,1.3380360721442885,0.5078718066215515,20.58011817932129,0.0,2.0
14,precision,4.38836400843592,63.808877696086334,64.80879612228466,m4_dpf_physics_aq_constant_sg100,m4_dpf_physics_aq_constant_sg100.npz,3.4173389611834084,2.3688683499137255,0.07645461278907086,57.13815410171018,0.380982023058792,5.0088092483066315,7.091506136333632,1.3482106956172095,0.5089601278305054,20.59182357788086,0.0,2.0
14,precision,4.38836400843592,63.808877696086334,64.80879612228466,m4_dpf_physics_aq_constant_ow6_sg75_mp_s2_tau6,m4_dpf_physics_aq_constant_ow6_sg75_mp_s2_tau6.npz,3.8337198362127243,1.5965168952699855,0.07862689006947282,70.58314106295614,0.37924638658384324,4.930540716703565,6.3944286572178,1.3380360721442885,0.5078718066215515,20.58011817932129,0.0,2.0
15,precision,4.223428198009648,49.5580890290215,50.55800745521983,baseline,m4_dpf_physics.npz,2.360418295960931,1.0614959386153142,0.13832420010606328,91.37211330489266,0.37822513433703664,,,,,,,
15,precision,4.223428198009648,49.5580890290215,50.55800745521983,resolved,m4_dpf_physics_aq_constant_sg100_mp_s2_tau6.npz,3.1435791674319638,0.7841623773641437,0.08195211786372007,67.25439493492132,0.37532303181811616,5.950876558560613,7.783577280272894,1.3433612704014115,0.416371613740921,18.121963500976562,0.0,2.0
15,precision,4.223428198009648,49.5580890290215,50.55800745521983,immediate,m4_dpf_physics_aq_constant_sg100_mp_s2_tau6.npz::immediate,2.7657507333248237,0.6388460495876203,0.13176795580110498,86.49705320750886,0.37532303181811616,0.0,0.0,1.3433612704014115,0.416371613740921,18.121963500976562,0.0,2.0
15,precision,4.223428198009648,49.5580890290215,50.55800745521983,m4_dpf_physics_aq_constant_sg100,m4_dpf_physics_aq_constant_sg100.npz,2.6318388908037136,0.9060424639665241,0.08581130690161527,78.6489354770863,0.374870052473443,5.8119757590320695,7.415487072203169,1.34254532652702,0.4158376604318619,18.10562038421631,0.0,2.0
15,precision,4.223428198009648,49.5580890290215,50.55800745521983,m4_dpf_physics_aq_constant_ow6_sg75_mp_s2_tau6,m4_dpf_physics_aq_constant_ow6_sg75_mp_s2_tau6.npz,3.197317432511168,0.8441663800528261,0.08333333333333333,67.25439493492132,0.37532303181811616,6.067229228289278,7.81668051884668,1.3433612704014115,0.416371613740921,18.121963500976562,0.0,2.0
16,precision,4.01472754078071,1.5554324662768126,2.5553508924751416,baseline,m4_dpf_physics.npz,7.09351867945814,2.515263802251596,0.15612327656123276,80.64794744224818,0.35013505215511515,,,,,,,
16,precision,4.01472754078071,1.5554324662768126,2.5553508924751416,resolved,m4_dpf_physics_aq_constant_sg100_mp_s2_tau6.npz,7.260594908233721,3.7332006700400022,0.10164072360117796,64.39649122556217,0.33769926223379776,5.808550643347154,9.07317924200889,1.431530870238969,0.4466840922832489,18.53631019592285,0.0,2.0
16,precision,4.01472754078071,1.5554324662768126,2.5553508924751416,immediate,m4_dpf_physics_aq_constant_sg100_mp_s2_tau6.npz::immediate,7.210890707470633,3.672154044359555,0.16230542700883466,71.96283101476128,0.33769926223379776,0.0,0.0,1.431530870238969,0.4466840922832489,18.53631019592285,0.0,2.0
16,precision,4.01472754078071,1.5554324662768126,2.5553508924751416,m4_dpf_physics_aq_constant_sg100,m4_dpf_physics_aq_constant_sg100.npz,7.023145691749344,3.504477910332369,0.10186513629842181,70.23168975977681,0.3414041357366626,6.2308872886442535,9.072021198005716,1.4315729234793984,0.4473210424184799,18.536514282226562,0.0,2.0
16,precision,4.01472754078071,1.5554324662768126,2.5553508924751416,m4_dpf_physics_aq_constant_ow6_sg75_mp_s2_tau6,m4_dpf_physics_aq_constant_ow6_sg75_mp_s2_tau6.npz,7.276367447222927,3.734629468666933,0.1027345393352966,64.39649122556217,0.33769926223379776,5.7592947850596286,9.186033928495831,1.431530870238969,0.4466840922832489,18.53631019592285,0.0,2.0
