kind,method,strip_width,rate,n,valid_frac,jump_ge3_frac,step_p999_px,speed_p999_px_s,speed_p999_arcmin_s,max_ncc_p10,max_ncc_med,ess_frac_med,resampled_frac,multi_hyp_frac,hyp_count_med,hyp_margin_p10,hyp_margin_med,rms_vs_immediate_arcmin,loglog_speed_rate_slope,label,grid_hz,rms_all_arcmin,rms_hf25_arcmin,rms_slow50_arcmin,corr_slow50
evidence,raw_ref,64,300.20196479329775,600,0.7933333333333333,0.1504424778761062,99.82910134838146,29968.892368333363,14270.901127777792,-0.0007643894223084774,0.13843995233374629,0.6496311167410387,0.3233333333333333,1.0,5.0,0.33956204584532995,2.3397957103038802,0.0,,,,,,,
evidence,pf,64,300.20196479329775,600,0.7933333333333333,0.1415929203539823,57.059192125746016,17129.28158566722,8156.800755079627,-0.0007643894223084774,0.13843995233374629,0.6496311167410387,0.3233333333333333,1.0,5.0,0.33956204584532995,2.3397957103038802,23.11686674485129,,,,,,,
evidence,raw_ref,32,600.4260301958244,1200,0.815,0.14771519659936239,99.9104420403617,59988.83008940438,28566.109566383035,0.0,0.17633320627080218,0.6199521663251735,0.3466666666666667,1.0,5.0,0.5600016756157744,3.68042894125995,0.0,,,,,,,
evidence,pf,32,600.4260301958244,1200,0.815,0.09139213602550478,70.8952903704415,42567.377756704445,20270.179884144974,0.0,0.17633320627080218,0.6199521663251735,0.3466666666666667,1.0,5.0,0.5600016756157744,3.68042894125995,18.91533721134541,,,,,,,
evidence,raw_ref,16,1230.418222554145,2460,0.8426829268292683,0.14476945959345563,109.7888897046848,135086.2505266313,64326.785965062525,0.0001395222975428651,0.22253134835405397,0.6137016157604551,0.32439024390243903,1.0,5.0,0.5853807330006313,4.134894554772125,0.0,,,,,,,
evidence,pf,16,1230.418222554145,2460,0.8426829268292683,0.09519087754090233,80.29270488080071,98793.60722349933,47044.57486833301,0.0001395222975428651,0.22253134835405397,0.6137016157604551,0.32439024390243903,1.0,5.0,0.5853807330006313,4.134894554772125,16.60100429601723,,,,,,,
evidence,raw_ref,15,1320.321095208463,2640,0.8412878787878788,0.15487748497457235,160.0,211251.37523335408,100595.89296826384,0.0020086325508183434,0.2027632244764333,0.6118441113531048,0.32083333333333336,1.0,5.0,0.48606887554018124,4.026999372877075,0.0,,,,,,,
evidence,pf,15,1320.321095208463,2640,0.8412878787878788,0.09431345353675451,78.36462527787532,103466.46787248514,49269.7466059453,0.0020086325508183434,0.2027632244764333,0.6118441113531048,0.32083333333333336,1.0,5.0,0.48606887554018124,4.026999372877075,21.136088871242887,,,,,,,
evidence,raw_ref,8,2490.367292091773,4980,0.8566265060240964,0.1757532281205165,112.57913079562607,280363.38510554883,133506.37385978515,0.003463498044539001,0.21697324685401273,0.619353119297906,0.30160642570281126,1.0,5.0,0.6609513435372463,4.59626000304268,0.0,,,,,,,
evidence,pf,8,2490.367292091773,4980,0.8566265060240964,0.07867049258727882,86.76544253767977,216077.8201797059,102894.20008557422,0.003463498044539001,0.21697324685401273,0.619353119297906,0.30160642570281126,1.0,5.0,0.6609513435372463,4.59626000304268,19.088532431701292,,,,,,,
evidence,raw_ref,4,5010.247798178833,10020,0.865568862275449,0.17358755409989474,114.2224563934693,572282.8106479574,272515.6241180749,0.004977749345452742,0.29032246662315897,0.6042730510098155,0.31147704590818365,1.0,5.0,0.8189638709670907,5.502209711637567,0.0,,,,,,,
evidence,pf,4,5010.247798178833,10020,0.865568862275449,0.07439466604281203,49.71327835867316,249075.84343679366,118607.54449371126,0.004977749345452742,0.29032246662315897,0.6042730510098155,0.31147704590818365,1.0,5.0,0.8189638709670907,5.502209711637567,15.378275237354583,,,,,,,
evidence,raw_ref,2,10050.0,20100,0.8725373134328358,0.10871948756419875,107.05647333204078,1075917.5569870097,512341.6938033379,0.009371630827616655,0.24269278435713343,0.614211738216615,0.2898009950248756,1.0,5.0,0.9700715579817013,6.063912200924548,0.0,,,,,,,
evidence,pf,2,10050.0,20100,0.8725373134328358,0.04177967568815281,36.31375045232639,364953.19204588025,173787.23430756203,0.009371630827616655,0.24269278435713343,0.614211738216615,0.2898009950248756,1.0,5.0,0.9700715579817013,6.063912200924548,17.916781773209433,,,,,,,
evidence,raw_ref,1,20100.0,40200,0.8771144278606965,0.08314484496235004,106.09958663766271,2132601.6914170207,1015524.614960486,0.003667316890129073,0.2243716904941179,0.6136598899857277,0.28888059701492536,1.0,5.0,1.1052176088405683,5.736996989613474,0.0,,,,,,,
evidence,pf,1,20100.0,40200,0.8771144278606965,0.01652017064162396,29.048597218178557,583876.804085389,278036.57337399473,0.003667316890129073,0.2243716904941179,0.6136598899857277,0.28888059701492536,1.0,5.0,1.1052176088405683,5.736996989613474,24.675464770696163,,,,,,,
rate_point,raw_ref,1,20100.0,,,0.08314484496235004,,2132601.6914170207,,,,,,,,,,,,,,,,,
rate_point,raw_ref,2,10050.0,,,0.10871948756419875,,1075917.5569870097,,,,,,,,,,,,,,,,,
rate_point,raw_ref,4,5010.247798178833,,,0.17358755409989474,,572282.8106479574,,,,,,,,,,,,,,,,,
rate_point,raw_ref,8,2490.367292091773,,,0.1757532281205165,,280363.38510554883,,,,,,,,,,,,,,,,,
rate_point,raw_ref,15,1320.321095208463,,,0.15487748497457235,,211251.37523335408,,,,,,,,,,,,,,,,,
rate_point,raw_ref,16,1230.418222554145,,,0.14476945959345563,,135086.2505266313,,,,,,,,,,,,,,,,,
rate_point,raw_ref,32,600.4260301958244,,,0.14771519659936239,,59988.83008940438,,,,,,,,,,,,,,,,,
rate_point,raw_ref,64,300.20196479329775,,,0.1504424778761062,,29968.892368333363,,,,,,,,,,,,,,,,,
rate_slope,raw_ref,,,8,,,,,,,,,,,,,,,1.0024206275523775,,,,,,
rate_point,pf,1,20100.0,,,0.01652017064162396,,583876.804085389,,,,,,,,,,,,,,,,,
rate_point,pf,2,10050.0,,,0.04177967568815281,,364953.19204588025,,,,,,,,,,,,,,,,,
rate_point,pf,4,5010.247798178833,,,0.07439466604281203,,249075.84343679366,,,,,,,,,,,,,,,,,
rate_point,pf,8,2490.367292091773,,,0.07867049258727882,,216077.8201797059,,,,,,,,,,,,,,,,,
rate_point,pf,15,1320.321095208463,,,0.09431345353675451,,103466.46787248514,,,,,,,,,,,,,,,,,
rate_point,pf,16,1230.418222554145,,,0.09519087754090233,,98793.60722349933,,,,,,,,,,,,,,,,,
rate_point,pf,32,600.4260301958244,,,0.09139213602550478,,42567.377756704445,,,,,,,,,,,,,,,,,
rate_point,pf,64,300.20196479329775,,,0.1415929203539823,,17129.28158566722,,,,,,,,,,,,,,,,,
rate_slope,pf,,,8,,,,,,,,,,,,,,,0.7958985423555267,,,,,,
pair,,,,1996,,,,,,,,,,,,,,,,raw_ref:S1_vs_S15,1000.0,7.417767076376094,7.097435100261335,1.1971297823960927,0.9399279910202786
pair,,,,1996,,,,,,,,,,,,,,,,raw_ref:S1_vs_S16,1000.0,7.869282448552892,7.389364310169869,1.4886725107849792,0.9204489836569038
pair,,,,1997,,,,,,,,,,,,,,,,raw_ref:S1_vs_S2,1000.0,3.857157540325169,3.742651222238441,0.44164420285003714,0.9933276865054984
pair,,,,1996,,,,,,,,,,,,,,,,pf:S1_vs_S15,1000.0,18.486598858501917,7.5700897156666755,15.041206761073278,-0.09126116422129789
pair,,,,1996,,,,,,,,,,,,,,,,pf:S1_vs_S16,1000.0,17.471232152184406,8.103985834085453,14.337131989004192,0.38899416002637904
pair,,,,1997,,,,,,,,,,,,,,,,pf:S1_vs_S2,1000.0,16.494445110322655,8.287225199778533,12.690786306141348,0.317986981116271
pair,,,,657,,,,,,,,,,,,,,,,pf_split:evenodd:S15:f30,660.0,14.377692978301052,9.39742677564826,6.083276332892437,0.48414177582767104
pair,,,,616,,,,,,,,,,,,,,,,pf_split:frameblock:S15:f30,660.0,18.522112868236995,5.526517028126827,16.50391658322972,-0.5184150878307886
pair,,,,997,,,,,,,,,,,,,,,,pf_split:evenodd:S1:f30,1000.0,17.990534470088484,7.811104627468699,13.93763904708534,-0.04293479201758946
pair,,,,934,,,,,,,,,,,,,,,,pf_split:frameblock:S1:f30,1000.0,16.55556498614048,6.303549980351151,12.686479657626588,-0.11650492466912067
